Filename;EAN Codes;Fournisseur
Fiche Technique 21111.pdf;4103810211119;
R104951.pdf;"3155030506415;3155030900725;3155030902002";
R249984.pdf;4103810210310;
R250261.pdf;"5036108150380;5036108150373;5036108150397";
R250262.pdf;"3155030506415;3155030900725;3155030902002";
R250263.pdf;"5036108150380;5036108150373;5036108150397";
R250297.pdf;"5036108312108;5036108210862;5036108210879;5036108210848;5036108210893;5036108210886;5036108312092;5036108210855";
R250298.pdf;"5036108312108;5036108210862;5036108210879;5036108210848;5036108210893;5036108210886;5036108312092;5036108210855";
R250299.pdf;"5036108312108;5036108210862;5036108210879;5036108210848;5036108210893;5036108210886;5036108312092;5036108210855";
R250300.pdf;"5036108312108;5036108210862;5036108210879;5036108210848;5036108210893;5036108210886;5036108312092;5036108210855";
R250301.pdf;"5036108312108;5036108210862;5036108210879;5036108210848;5036108210893;5036108210886;5036108312092;5036108210855";
R250302.pdf;"5036108312108;5036108210862;5036108210879;5036108210848;5036108210893;5036108210886;5036108312092;5036108210855";
R250303.pdf;"5036108312108;5036108210862;5036108210879;5036108210848;5036108210893;5036108210886;5036108312092;5036108210855";
R250304.pdf;"5036108312108;5036108210862;5036108210879;5036108210848;5036108210893;5036108210886;5036108312092;5036108210855";
R250402.pdf;"5036108199334;5036108199358;5036108199341";
R250403.pdf;"5036108199334;5036108199358;5036108199341";
R250404.pdf;"5036108199334;5036108199358;5036108199341";
R250422.pdf;"5036108279685;5036108279678;5036108279661;5036108279647;5036108279654";
R250423.pdf;"5036108279685;5036108279678;5036108279661;5036108279647;5036108279654";
R250424.pdf;"5036108279685;5036108279678;5036108279661;5036108279647;5036108279654";
R250425.pdf;"5036108279685;5036108279678;5036108279661;5036108279647;5036108279654";
R250426.pdf;"5036108279685;5036108279678;5036108279661;5036108279647;5036108279654";
R250488.pdf;5036108201631;
R269273.pdf;4103810210327;
R269274.pdf;4103810210334;
R269912.pdf;4103810211126;
